VBELN,KUNNR,ERDAT,AUDAT,NETWR,WAERK,VKORG,VTWEG,SPART,VKBUR,VKGRP,AUART,RECORD_SOURCE,LOAD_DATE
10000001,0001000027,2024-11-14,2024-11-14,216185.12,EUR,1000,01,Z1,1000,001,TA,SAP,2025-01-01 00:00:00
10000002,0001000062,2024-01-06,2024-01-06,372051.33,NGN,1000,01,Z1,1000,001,TA,SAP,2025-01-01 00:00:00
10000003,0001000084,2024-09-14,2024-09-14,73683.71,USD,1000,01,Z1,1000,001,TA,SAP,2025-01-01 00:00:00
10000004,0001000040,2024-05-24,2024-05-24,170662.40,USD,1000,01,Z1,1000,001,TA,SAP,2025-01-01 00:00:00
10000005,0001000081,2025-01-24,2025-01-24,161824.54,USD,1000,01,Z1,1000,001,TA,SAP,2025-01-01 00:00:00
10000006,0001000098,2024-01-15,2024-01-15,308828.89,EUR,1000,01,Z1,1000,001,TA,SAP,2025-01-01 00:00:00
10000007,0001000083,2025-01-19,2025-01-19,458022.44,USD,1000,01,Z1,1000,001,TA,SAP,2025-01-01 00:00:00
10000008,0001000033,2024-11-12,2024-11-12,415589.08,EUR,1000,01,Z1,1000,001,TA,SAP,2025-01-01 00:00:00
10000009,0001000067,2024-03-16,2024-03-16,253060.75,COP,1000,01,Z1,1000,001,TA,SAP,2025-01-01 00:00:00
10000010,0001000009,2024-05-04,2024-05-04,288801.48,CHF,1000,01,Z1,1000,001,TA,SAP,2025-01-01 00:00:00
10000011,0001000057,2024-09-07,2024-09-07,95065.55,ILS,1000,01,Z1,1000,001,TA,SAP,2025-01-01 00:00:00
10000012,0001000005,2025-01-22,2025-01-22,120313.95,EUR,1000,01,Z1,1000,001,TA,SAP,2025-01-01 00:00:00
10000013,0001000029,2024-12-04,2024-12-04,564809.45,DKK,1000,01,Z1,1000,001,TA,SAP,2025-01-01 00:00:00
10000014,0001000085,2024-07-06,2024-07-06,150955.18,AUD,1000,01,Z1,1000,001,TA,SAP,2025-01-01 00:00:00
10000015,0001000002,2025-01-03,2025-01-03,343009.54,GBP,1000,01,Z1,1000,001,TA,SAP,2025-01-01 00:00:00
10000016,0001000100,2024-12-12,2024-12-12,412469.98,EUR,1000,01,Z1,1000,001,TA,SAP,2025-01-01 00:00:00
10000017,0001000084,2024-05-16,2024-05-16,108214.71,USD,1000,01,Z1,1000,001,TA,SAP,2025-01-01 00:00:00
10000018,0001000033,2024-02-24,2024-02-24,211565.34,EUR,1000,01,Z1,1000,001,TA,SAP,2025-01-01 00:00:00
10000019,0001000002,2024-08-04,2024-08-04,249980.71,GBP,1000,01,Z1,1000,001,TA,SAP,2025-01-01 00:00:00
10000020,0001000012,2025-01-20,2025-01-20,204408.38,AED,1000,01,Z1,1000,001,TA,SAP,2025-01-01 00:00:00
10000021,0001000060,2024-02-17,2024-02-17,145360.13,ZAR,1000,01,Z1,1000,001,TA,SAP,2025-01-01 00:00:00
10000022,0001000075,2024-04-26,2024-04-26,149533.75,USD,1000,01,Z1,1000,001,TA,SAP,2025-01-01 00:00:00
10000023,0001000042,2024-11-26,2024-11-26,387954.63,USD,1000,01,Z1,1000,001,TA,SAP,2025-01-01 00:00:00
10000024,0001000100,2024-01-15,2024-01-15,147867.20,EUR,1000,01,Z1,1000,001,TA,SAP,2025-01-01 00:00:00
10000025,0001000039,2024-11-24,2024-11-24,238731.73,USD,1000,01,Z1,1000,001,TA,SAP,2025-01-01 00:00:00
10000026,0001000037,2024-03-23,2024-03-23,112830.25,USD,1000,01,Z1,1000,001,TA,SAP,2025-01-01 00:00:00
10000027,0001000054,2024-09-11,2024-09-11,143072.00,INR,1000,01,Z1,1000,001,TA,SAP,2025-01-01 00:00:00
10000028,0001000016,2024-04-24,2024-04-24,494190.47,EUR,1000,01,Z1,1000,001,TA,SAP,2025-01-01 00:00:00
10000029,0001000018,2024-10-24,2024-10-24,547581.93,EUR,1000,01,Z1,1000,001,TA,SAP,2025-01-01 00:00:00
10000030,0001000010,2024-03-12,2024-03-12,359548.35,CAD,1000,01,Z1,1000,001,TA,SAP,2025-01-01 00:00:00
10000031,0001000047,2024-12-14,2024-12-14,575972.92,HKD,1000,01,Z1,1000,001,TA,SAP,2025-01-01 00:00:00
10000032,0001000029,2024-04-18,2024-04-18,213416.01,DKK,1000,01,Z1,1000,001,TA,SAP,2025-01-01 00:00:00
10000033,0001000023,2024-10-10,2024-10-10,560205.82,NOK,1000,01,Z1,1000,001,TA,SAP,2025-01-01 00:00:00
10000034,0001000020,2024-05-06,2024-05-06,706151.24,EUR,1000,01,Z1,1000,001,TA,SAP,2025-01-01 00:00:00
10000035,0001000085,2024-07-26,2024-07-26,90564.97,AUD,1000,01,Z1,1000,001,TA,SAP,2025-01-01 00:00:00
10000036,0001000079,2024-11-30,2024-11-30,224027.42,USD,1000,01,Z1,1000,001,TA,SAP,2025-01-01 00:00:00
10000037,0001000019,2024-09-14,2024-09-14,144709.35,EUR,1000,01,Z1,1000,001,TA,SAP,2025-01-01 00:00:00
10000038,0001000077,2024-06-28,2024-06-28,480498.30,USD,1000,01,Z1,1000,001,TA,SAP,2025-01-01 00:00:00
10000039,0001000069,2024-02-23,2024-02-23,202787.72,BRL,1000,01,Z1,1000,001,TA,SAP,2025-01-01 00:00:00
10000040,0001000037,2024-06-08,2024-06-08,829379.47,USD,1000,01,Z1,1000,001,TA,SAP,2025-01-01 00:00:00
10000041,0001000062,2024-08-18,2024-08-18,183137.26,NGN,1000,01,Z1,1000,001,TA,SAP,2025-01-01 00:00:00
10000042,0001000060,2024-10-27,2024-10-27,198173.96,ZAR,1000,01,Z1,1000,001,TA,SAP,2025-01-01 00:00:00
10000043,0001000040,2025-01-11,2025-01-11,79242.95,USD,1000,01,Z1,1000,001,TA,SAP,2025-01-01 00:00:00
10000044,0001000042,2024-02-15,2024-02-15,114761.16,USD,1000,01,Z1,1000,001,TA,SAP,2025-01-01 00:00:00
10000045,0001000047,2024-08-07,2024-08-07,170400.40,HKD,1000,01,Z1,1000,001,TA,SAP,2025-01-01 00:00:00
10000046,0001000043,2024-02-21,2024-02-21,317913.37,AUD,1000,01,Z1,1000,001,TA,SAP,2025-01-01 00:00:00
10000047,0001000028,2024-10-15,2024-10-15,108809.75,EUR,1000,01,Z1,1000,001,TA,SAP,2025-01-01 00:00:00
10000048,0001000037,2024-03-17,2024-03-17,162692.06,USD,1000,01,Z1,1000,001,TA,SAP,2025-01-01 00:00:00
10000049,0001000092,2024-12-13,2024-12-13,301573.71,EUR,1000,01,Z1,1000,001,TA,SAP,2025-01-01 00:00:00
10000050,0001000070,2024-07-18,2024-07-18,139492.46,CAD,1000,01,Z1,1000,001,TA,SAP,2025-01-01 00:00:00
10000051,0001000092,2024-03-03,2024-03-03,532990.54,EUR,1000,01,Z1,1000,001,TA,SAP,2025-01-01 00:00:00
10000052,0001000068,2024-01-21,2024-01-21,292817.46,VES,1000,01,Z1,1000,001,TA,SAP,2025-01-01 00:00:00
10000053,0001000024,2024-10-30,2024-10-30,416227.20,PLN,1000,01,Z1,1000,001,TA,SAP,2025-01-01 00:00:00
10000054,0001000032,2024-03-13,2024-03-13,133865.26,EUR,1000,01,Z1,1000,001,TA,SAP,2025-01-01 00:00:00
10000055,0001000095,2024-11-15,2024-11-15,498596.63,GBP,1000,01,Z1,1000,001,TA,SAP,2025-01-01 00:00:00
10000056,0001000008,2025-01-29,2025-01-29,259238.15,BRL,1000,01,Z1,1000,001,TA,SAP,2025-01-01 00:00:00
10000057,0001000062,2024-06-21,2024-06-21,377371.68,NGN,1000,01,Z1,1000,001,TA,SAP,2025-01-01 00:00:00
10000058,0001000027,2024-09-02,2024-09-02,609003.82,EUR,1000,01,Z1,1000,001,TA,SAP,2025-01-01 00:00:00
10000059,0001000076,2024-11-08,2024-11-08,150681.08,USD,1000,01,Z1,1000,001,TA,SAP,2025-01-01 00:00:00
10000060,0001000048,2024-08-16,2024-08-16,63468.83,THB,1000,01,Z1,1000,001,TA,SAP,2025-01-01 00:00:00
10000061,0001000011,2024-08-29,2024-08-29,686782.54,EUR,1000,01,Z1,1000,001,TA,SAP,2025-01-01 00:00:00
10000062,0001000002,2024-07-16,2024-07-16,280361.15,GBP,1000,01,Z1,1000,001,TA,SAP,2025-01-01 00:00:00
10000063,0001000004,2024-01-20,2024-01-20,367106.98,JPY,1000,01,Z1,1000,001,TA,SAP,2025-01-01 00:00:00
10000064,0001000049,2024-04-07,2024-04-07,912577.36,MYR,1000,01,Z1,1000,001,TA,SAP,2025-01-01 00:00:00
10000065,0001000093,2024-09-11,2024-09-11,205683.67,EUR,1000,01,Z1,1000,001,TA,SAP,2025-01-01 00:00:00
10000066,0001000086,2024-09-13,2024-09-13,458366.75,AUD,1000,01,Z1,1000,001,TA,SAP,2025-01-01 00:00:00
10000067,0001000030,2024-01-27,2024-01-27,119903.87,EUR,1000,01,Z1,1000,001,TA,SAP,2025-01-01 00:00:00
10000068,0001000090,2024-01-23,2024-01-23,49849.71,CHF,1000,01,Z1,1000,001,TA,SAP,2025-01-01 00:00:00
10000069,0001000046,2024-04-14,2024-04-14,393436.48,KRW,1000,01,Z1,1000,001,TA,SAP,2025-01-01 00:00:00
10000070,0001000058,2024-04-25,2024-04-25,162795.62,TRY,1000,01,Z1,1000,001,TA,SAP,2025-01-01 00:00:00
10000071,0001000086,2024-04-23,2024-04-23,434025.82,AUD,1000,01,Z1,1000,001,TA,SAP,2025-01-01 00:00:00
10000072,0001000053,2024-11-25,2024-11-25,485928.46,INR,1000,01,Z1,1000,001,TA,SAP,2025-01-01 00:00:00
10000073,0001000055,2024-07-19,2024-07-19,200739.96,INR,1000,01,Z1,1000,001,TA,SAP,2025-01-01 00:00:00
10000074,0001000014,2024-02-07,2024-02-07,625338.46,MXN,1000,01,Z1,1000,001,TA,SAP,2025-01-01 00:00:00
10000075,0001000038,2024-07-24,2024-07-24,189183.16,USD,1000,01,Z1,1000,001,TA,SAP,2025-01-01 00:00:00
10000076,0001000096,2024-08-11,2024-08-11,243460.94,GBP,1000,01,Z1,1000,001,TA,SAP,2025-01-01 00:00:00
10000077,0001000013,2024-06-06,2024-06-06,280560.58,SGD,1000,01,Z1,1000,001,TA,SAP,2025-01-01 00:00:00
10000078,0001000063,2024-10-13,2024-10-13,760329.94,KES,1000,01,Z1,1000,001,TA,SAP,2025-01-01 00:00:00
10000079,0001000089,2024-12-31,2024-12-31,387672.07,CHF,1000,01,Z1,1000,001,TA,SAP,2025-01-01 00:00:00
10000080,0001000065,2024-10-17,2024-10-17,489230.02,CLP,1000,01,Z1,1000,001,TA,SAP,2025-01-01 00:00:00
10000081,0001000033,2024-11-21,2024-11-21,426603.28,EUR,1000,01,Z1,1000,001,TA,SAP,2025-01-01 00:00:00
10000082,0001000095,2024-12-05,2024-12-05,149476.27,GBP,1000,01,Z1,1000,001,TA,SAP,2025-01-01 00:00:00
10000083,0001000062,2024-03-22,2024-03-22,312989.04,NGN,1000,01,Z1,1000,001,TA,SAP,2025-01-01 00:00:00
10000084,0001000087,2024-04-16,2024-04-16,198203.19,NZD,1000,01,Z1,1000,001,TA,SAP,2025-01-01 00:00:00
10000085,0001000026,2024-07-18,2024-07-18,359721.69,HUF,1000,01,Z1,1000,001,TA,SAP,2025-01-01 00:00:00
10000086,0001000097,2024-02-09,2024-02-09,111154.21,GBP,1000,01,Z1,1000,001,TA,SAP,2025-01-01 00:00:00
10000087,0001000052,2024-06-18,2024-06-18,85644.74,IDR,1000,01,Z1,1000,001,TA,SAP,2025-01-01 00:00:00
10000088,0001000042,2024-08-15,2024-08-15,307362.69,USD,1000,01,Z1,1000,001,TA,SAP,2025-01-01 00:00:00
10000089,0001000068,2024-10-12,2024-10-12,490840.43,VES,1000,01,Z1,1000,001,TA,SAP,2025-01-01 00:00:00
10000090,0001000072,2024-04-18,2024-04-18,190739.85,USD,1000,01,Z1,1000,001,TA,SAP,2025-01-01 00:00:00
10000091,0001000062,2024-01-15,2024-01-15,442643.41,NGN,1000,01,Z1,1000,001,TA,SAP,2025-01-01 00:00:00
10000092,0001000084,2024-11-13,2024-11-13,98251.18,USD,1000,01,Z1,1000,001,TA,SAP,2025-01-01 00:00:00
10000093,0001000085,2024-04-26,2024-04-26,270262.14,AUD,1000,01,Z1,1000,001,TA,SAP,2025-01-01 00:00:00
10000094,0001000099,2024-11-30,2024-11-30,235456.07,EUR,1000,01,Z1,1000,001,TA,SAP,2025-01-01 00:00:00
10000095,0001000025,2024-02-10,2024-02-10,238140.47,CZK,1000,01,Z1,1000,001,TA,SAP,2025-01-01 00:00:00
10000096,0001000046,2024-01-13,2024-01-13,283406.38,KRW,1000,01,Z1,1000,001,TA,SAP,2025-01-01 00:00:00
10000097,0001000062,2024-05-17,2024-05-17,302191.20,NGN,1000,01,Z1,1000,001,TA,SAP,2025-01-01 00:00:00
10000098,0001000084,2024-04-12,2024-04-12,152052.89,USD,1000,01,Z1,1000,001,TA,SAP,2025-01-01 00:00:00
10000099,0001000069,2024-01-24,2024-01-24,215792.92,BRL,1000,01,Z1,1000,001,TA,SAP,2025-01-01 00:00:00
10000100,0001000019,2024-08-07,2024-08-07,184556.01,EUR,1000,01,Z1,1000,001,TA,SAP,2025-01-01 00:00:00
10000101,0001000068,2024-03-06,2024-03-06,384901.56,VES,1000,01,Z1,1000,001,TA,SAP,2025-01-01 00:00:00
10000102,0001000023,2025-01-30,2025-01-30,201204.02,NOK,1000,01,Z1,1000,001,TA,SAP,2025-01-01 00:00:00
10000103,0001000092,2024-06-05,2024-06-05,209275.33,EUR,1000,01,Z1,1000,001,TA,SAP,2025-01-01 00:00:00
10000104,0001000068,2024-06-09,2024-06-09,562445.94,VES,1000,01,Z1,1000,001,TA,SAP,2025-01-01 00:00:00
10000105,0001000018,2024-11-30,2024-11-30,271190.11,EUR,1000,01,Z1,1000,001,TA,SAP,2025-01-01 00:00:00
10000106,0001000087,2024-09-29,2024-09-29,126527.35,NZD,1000,01,Z1,1000,001,TA,SAP,2025-01-01 00:00:00
10000107,0001000007,2024-10-11,2024-10-11,121156.34,AUD,1000,01,Z1,1000,001,TA,SAP,2025-01-01 00:00:00
10000108,0001000014,2024-01-24,2024-01-24,190702.10,MXN,1000,01,Z1,1000,001,TA,SAP,2025-01-01 00:00:00
10000109,0001000090,2025-01-02,2025-01-02,121321.70,CHF,1000,01,Z1,1000,001,TA,SAP,2025-01-01 00:00:00
10000110,0001000084,2024-09-16,2024-09-16,132601.89,USD,1000,01,Z1,1000,001,TA,SAP,2025-01-01 00:00:00
10000111,0001000047,2024-05-14,2024-05-14,263122.85,HKD,1000,01,Z1,1000,001,TA,SAP,2025-01-01 00:00:00
10000112,0001000049,2024-11-13,2024-11-13,260939.15,MYR,1000,01,Z1,1000,001,TA,SAP,2025-01-01 00:00:00
10000113,0001000001,2024-09-06,2024-09-06,149853.10,EUR,1000,01,Z1,1000,001,TA,SAP,2025-01-01 00:00:00
10000114,0001000014,2024-05-03,2024-05-03,229028.35,MXN,1000,01,Z1,1000,001,TA,SAP,2025-01-01 00:00:00
10000115,0001000056,2024-05-28,2024-05-28,490294.43,SAR,1000,01,Z1,1000,001,TA,SAP,2025-01-01 00:00:00
10000116,0001000087,2024-04-20,2024-04-20,185660.69,NZD,1000,01,Z1,1000,001,TA,SAP,2025-01-01 00:00:00
10000117,0001000040,2024-09-04,2024-09-04,495993.32,USD,1000,01,Z1,1000,001,TA,SAP,2025-01-01 00:00:00
10000118,0001000051,2025-01-24,2025-01-24,395869.47,TWD,1000,01,Z1,1000,001,TA,SAP,2025-01-01 00:00:00
10000119,0001000023,2024-01-31,2024-01-31,560445.31,NOK,1000,01,Z1,1000,001,TA,SAP,2025-01-01 00:00:00
10000120,0001000095,2024-07-12,2024-07-12,49105.05,GBP,1000,01,Z1,1000,001,TA,SAP,2025-01-01 00:00:00
10000121,0001000030,2024-08-30,2024-08-30,266594.36,EUR,1000,01,Z1,1000,001,TA,SAP,2025-01-01 00:00:00
10000122,0001000010,2024-08-17,2024-08-17,77291.09,CAD,1000,01,Z1,1000,001,TA,SAP,2025-01-01 00:00:00
10000123,0001000016,2024-06-06,2024-06-06,222102.75,EUR,1000,01,Z1,1000,001,TA,SAP,2025-01-01 00:00:00
10000124,0001000004,2024-08-07,2024-08-07,99581.11,JPY,1000,01,Z1,1000,001,TA,SAP,2025-01-01 00:00:00
10000125,0001000014,2024-04-25,2024-04-25,308728.36,MXN,1000,01,Z1,1000,001,TA,SAP,2025-01-01 00:00:00
10000126,0001000051,2024-11-22,2024-11-22,307776.63,TWD,1000,01,Z1,1000,001,TA,SAP,2025-01-01 00:00:00
10000127,0001000027,2024-12-12,2024-12-12,134702.85,EUR,1000,01,Z1,1000,001,TA,SAP,2025-01-01 00:00:00
10000128,0001000010,2024-09-23,2024-09-23,129831.85,CAD,1000,01,Z1,1000,001,TA,SAP,2025-01-01 00:00:00
10000129,0001000081,2024-09-28,2024-09-28,298331.75,USD,1000,01,Z1,1000,001,TA,SAP,2025-01-01 00:00:00
10000130,0001000088,2024-10-19,2024-10-19,133444.90,NZD,1000,01,Z1,1000,001,TA,SAP,2025-01-01 00:00:00
10000131,0001000062,2024-12-22,2024-12-22,179321.72,NGN,1000,01,Z1,1000,001,TA,SAP,2025-01-01 00:00:00
10000132,0001000080,2024-08-21,2024-08-21,308961.16,USD,1000,01,Z1,1000,001,TA,SAP,2025-01-01 00:00:00
10000133,0001000036,2024-12-07,2024-12-07,156451.81,CAD,1000,01,Z1,1000,001,TA,SAP,2025-01-01 00:00:00
10000134,0001000008,2024-12-09,2024-12-09,236415.16,BRL,1000,01,Z1,1000,001,TA,SAP,2025-01-01 00:00:00
10000135,0001000019,2024-06-28,2024-06-28,599248.89,EUR,1000,01,Z1,1000,001,TA,SAP,2025-01-01 00:00:00
10000136,0001000077,2024-03-09,2024-03-09,359392.95,USD,1000,01,Z1,1000,001,TA,SAP,2025-01-01 00:00:00
10000137,0001000083,2024-12-17,2024-12-17,309319.05,USD,1000,01,Z1,1000,001,TA,SAP,2025-01-01 00:00:00
10000138,0001000066,2024-10-20,2024-10-20,344530.81,PEN,1000,01,Z1,1000,001,TA,SAP,2025-01-01 00:00:00
10000139,0001000096,2024-01-07,2024-01-07,239873.37,GBP,1000,01,Z1,1000,001,TA,SAP,2025-01-01 00:00:00
10000140,0001000006,2024-10-25,2024-10-25,867118.79,SEK,1000,01,Z1,1000,001,TA,SAP,2025-01-01 00:00:00
10000141,0001000033,2024-09-28,2024-09-28,318409.02,EUR,1000,01,Z1,1000,001,TA,SAP,2025-01-01 00:00:00
10000142,0001000026,2024-08-31,2024-08-31,516525.40,HUF,1000,01,Z1,1000,001,TA,SAP,2025-01-01 00:00:00
10000143,0001000078,2025-01-28,2025-01-28,207594.92,USD,1000,01,Z1,1000,001,TA,SAP,2025-01-01 00:00:00
10000144,0001000020,2024-07-20,2024-07-20,193428.89,EUR,1000,01,Z1,1000,001,TA,SAP,2025-01-01 00:00:00
10000145,0001000021,2024-10-20,2024-10-20,372259.13,EUR,1000,01,Z1,1000,001,TA,SAP,2025-01-01 00:00:00
10000146,0001000057,2024-04-18,2024-04-18,408177.41,ILS,1000,01,Z1,1000,001,TA,SAP,2025-01-01 00:00:00
10000147,0001000073,2024-08-14,2024-08-14,148106.31,USD,1000,01,Z1,1000,001,TA,SAP,2025-01-01 00:00:00
10000148,0001000061,2024-04-07,2024-04-07,478526.42,ZAR,1000,01,Z1,1000,001,TA,SAP,2025-01-01 00:00:00
10000149,0001000095,2024-10-03,2024-10-03,674760.07,GBP,1000,01,Z1,1000,001,TA,SAP,2025-01-01 00:00:00
10000150,0001000040,2024-03-17,2024-03-17,140812.86,USD,1000,01,Z1,1000,001,TA,SAP,2025-01-01 00:00:00
10000151,0001000069,2024-07-16,2024-07-16,574520.41,BRL,1000,01,Z1,1000,001,TA,SAP,2025-01-01 00:00:00
10000152,0001000050,2024-08-13,2024-08-13,137814.42,PHP,1000,01,Z1,1000,001,TA,SAP,2025-01-01 00:00:00
10000153,0001000040,2025-01-19,2025-01-19,159833.89,USD,1000,01,Z1,1000,001,TA,SAP,2025-01-01 00:00:00
10000154,0001000009,2024-02-04,2024-02-04,254001.66,CHF,1000,01,Z1,1000,001,TA,SAP,2025-01-01 00:00:00
10000155,0001000041,2024-06-28,2024-06-28,384771.01,USD,1000,01,Z1,1000,001,TA,SAP,2025-01-01 00:00:00
10000156,0001000008,2024-02-02,2024-02-02,225804.55,BRL,1000,01,Z1,1000,001,TA,SAP,2025-01-01 00:00:00
10000157,0001000050,2024-11-22,2024-11-22,113398.98,PHP,1000,01,Z1,1000,001,TA,SAP,2025-01-01 00:00:00
10000158,0001000078,2025-01-23,2025-01-23,134011.16,USD,1000,01,Z1,1000,001,TA,SAP,2025-01-01 00:00:00
10000159,0001000039,2024-12-21,2024-12-21,150906.75,USD,1000,01,Z1,1000,001,TA,SAP,2025-01-01 00:00:00
10000160,0001000034,2024-02-17,2024-02-17,236858.37,EUR,1000,01,Z1,1000,001,TA,SAP,2025-01-01 00:00:00
10000161,0001000018,2024-05-21,2024-05-21,555815.16,EUR,1000,01,Z1,1000,001,TA,SAP,2025-01-01 00:00:00
10000162,0001000050,2024-07-10,2024-07-10,581016.41,PHP,1000,01,Z1,1000,001,TA,SAP,2025-01-01 00:00:00
10000163,0001000055,2024-10-11,2024-10-11,433012.69,INR,1000,01,Z1,1000,001,TA,SAP,2025-01-01 00:00:00
10000164,0001000084,2024-10-15,2024-10-15,196854.56,USD,1000,01,Z1,1000,001,TA,SAP,2025-01-01 00:00:00
10000165,0001000057,2024-12-07,2024-12-07,649129.10,ILS,1000,01,Z1,1000,001,TA,SAP,2025-01-01 00:00:00
10000166,0001000062,2024-04-13,2024-04-13,227781.65,NGN,1000,01,Z1,1000,001,TA,SAP,2025-01-01 00:00:00
10000167,0001000062,2024-06-30,2024-06-30,134634.74,NGN,1000,01,Z1,1000,001,TA,SAP,2025-01-01 00:00:00
10000168,0001000002,2025-01-24,2025-01-24,251323.84,GBP,1000,01,Z1,1000,001,TA,SAP,2025-01-01 00:00:00
10000169,0001000088,2024-09-19,2024-09-19,990841.33,NZD,1000,01,Z1,1000,001,TA,SAP,2025-01-01 00:00:00
10000170,0001000086,2024-12-31,2024-12-31,498342.05,AUD,1000,01,Z1,1000,001,TA,SAP,2025-01-01 00:00:00
10000171,0001000034,2024-08-16,2024-08-16,143076.40,EUR,1000,01,Z1,1000,001,TA,SAP,2025-01-01 00:00:00
10000172,0001000014,2024-02-06,2024-02-06,187615.36,MXN,1000,01,Z1,1000,001,TA,SAP,2025-01-01 00:00:00
10000173,0001000020,2024-02-14,2024-02-14,149607.74,EUR,1000,01,Z1,1000,001,TA,SAP,2025-01-01 00:00:00
10000174,0001000054,2024-01-26,2024-01-26,269338.37,INR,1000,01,Z1,1000,001,TA,SAP,2025-01-01 00:00:00
10000175,0001000049,2024-10-14,2024-10-14,242110.03,MYR,1000,01,Z1,1000,001,TA,SAP,2025-01-01 00:00:00
10000176,0001000004,2025-01-12,2025-01-12,125489.05,JPY,1000,01,Z1,1000,001,TA,SAP,2025-01-01 00:00:00
10000177,0001000088,2024-07-29,2024-07-29,49786.41,NZD,1000,01,Z1,1000,001,TA,SAP,2025-01-01 00:00:00
10000178,0001000068,2024-09-20,2024-09-20,111408.34,VES,1000,01,Z1,1000,001,TA,SAP,2025-01-01 00:00:00
10000179,0001000082,2024-02-24,2024-02-24,221644.14,USD,1000,01,Z1,1000,001,TA,SAP,2025-01-01 00:00:00
10000180,0001000052,2024-08-11,2024-08-11,626871.99,IDR,1000,01,Z1,1000,001,TA,SAP,2025-01-01 00:00:00
10000181,0001000050,2024-08-20,2024-08-20,393754.52,PHP,1000,01,Z1,1000,001,TA,SAP,2025-01-01 00:00:00
10000182,0001000094,2024-06-16,2024-06-16,274979.79,GBP,1000,01,Z1,1000,001,TA,SAP,2025-01-01 00:00:00
10000183,0001000070,2024-11-12,2024-11-12,144209.14,CAD,1000,01,Z1,1000,001,TA,SAP,2025-01-01 00:00:00
10000184,0001000057,2024-07-27,2024-07-27,381566.42,ILS,1000,01,Z1,1000,001,TA,SAP,2025-01-01 00:00:00
10000185,0001000094,2024-06-15,2024-06-15,719587.82,GBP,1000,01,Z1,1000,001,TA,SAP,2025-01-01 00:00:00
10000186,0001000085,2024-03-28,2024-03-28,207040.30,AUD,1000,01,Z1,1000,001,TA,SAP,2025-01-01 00:00:00
10000187,0001000007,2024-12-25,2024-12-25,167127.69,AUD,1000,01,Z1,1000,001,TA,SAP,2025-01-01 00:00:00
10000188,0001000072,2024-02-26,2024-02-26,223098.95,USD,1000,01,Z1,1000,001,TA,SAP,2025-01-01 00:00:00
10000189,0001000003,2024-11-05,2024-11-05,150591.75,USD,1000,01,Z1,1000,001,TA,SAP,2025-01-01 00:00:00
10000190,0001000002,2024-06-01,2024-06-01,214019.70,GBP,1000,01,Z1,1000,001,TA,SAP,2025-01-01 00:00:00
10000191,0001000006,2024-01-20,2024-01-20,474286.14,SEK,1000,01,Z1,1000,001,TA,SAP,2025-01-01 00:00:00
10000192,0001000054,2024-06-13,2024-06-13,43209.02,INR,1000,01,Z1,1000,001,TA,SAP,2025-01-01 00:00:00
10000193,0001000069,2024-08-15,2024-08-15,185297.02,BRL,1000,01,Z1,1000,001,TA,SAP,2025-01-01 00:00:00
10000194,0001000096,2024-12-24,2024-12-24,117517.84,GBP,1000,01,Z1,1000,001,TA,SAP,2025-01-01 00:00:00
10000195,0001000015,2024-07-12,2024-07-12,457754.91,EUR,1000,01,Z1,1000,001,TA,SAP,2025-01-01 00:00:00
10000196,0001000051,2024-06-12,2024-06-12,126678.97,TWD,1000,01,Z1,1000,001,TA,SAP,2025-01-01 00:00:00
10000197,0001000059,2024-04-15,2024-04-15,885375.97,EGP,1000,01,Z1,1000,001,TA,SAP,2025-01-01 00:00:00
10000198,0001000072,2024-03-18,2024-03-18,221372.19,USD,1000,01,Z1,1000,001,TA,SAP,2025-01-01 00:00:00
10000199,0001000010,2024-06-13,2024-06-13,466849.02,CAD,1000,01,Z1,1000,001,TA,SAP,2025-01-01 00:00:00
10000200,0001000036,2024-03-25,2024-03-25,317490.21,CAD,1000,01,Z1,1000,001,TA,SAP,2025-01-01 00:00:00
10000201,0001000007,2024-08-07,2024-08-07,449256.23,AUD,1000,01,Z1,1000,001,TA,SAP,2025-01-01 00:00:00
10000202,0001000057,2024-11-04,2024-11-04,190787.52,ILS,1000,01,Z1,1000,001,TA,SAP,2025-01-01 00:00:00
10000203,0001000044,2025-01-04,2025-01-04,139461.06,NZD,1000,01,Z1,1000,001,TA,SAP,2025-01-01 00:00:00
10000204,0001000097,2024-09-23,2024-09-23,650552.20,GBP,1000,01,Z1,1000,001,TA,SAP,2025-01-01 00:00:00
10000205,0001000099,2025-01-30,2025-01-30,154311.63,EUR,1000,01,Z1,1000,001,TA,SAP,2025-01-01 00:00:00
10000206,0001000038,2024-08-15,2024-08-15,138656.10,USD,1000,01,Z1,1000,001,TA,SAP,2025-01-01 00:00:00
10000207,0001000058,2024-01-17,2024-01-17,555277.12,TRY,1000,01,Z1,1000,001,TA,SAP,2025-01-01 00:00:00
10000208,0001000073,2024-09-08,2024-09-08,154747.11,USD,1000,01,Z1,1000,001,TA,SAP,2025-01-01 00:00:00
10000209,0001000063,2025-01-25,2025-01-25,379491.47,KES,1000,01,Z1,1000,001,TA,SAP,2025-01-01 00:00:00
10000210,0001000064,2025-01-05,2025-01-05,144457.10,ARS,1000,01,Z1,1000,001,TA,SAP,2025-01-01 00:00:00
10000211,0001000057,2024-07-15,2024-07-15,360457.24,ILS,1000,01,Z1,1000,001,TA,SAP,2025-01-01 00:00:00
10000212,0001000067,2024-01-29,2024-01-29,60868.12,COP,1000,01,Z1,1000,001,TA,SAP,2025-01-01 00:00:00
10000213,0001000082,2024-03-03,2024-03-03,241192.10,USD,1000,01,Z1,1000,001,TA,SAP,2025-01-01 00:00:00
10000214,0001000009,2024-12-26,2024-12-26,515362.30,CHF,1000,01,Z1,1000,001,TA,SAP,2025-01-01 00:00:00
10000215,0001000041,2024-12-16,2024-12-16,218872.71,USD,1000,01,Z1,1000,001,TA,SAP,2025-01-01 00:00:00
10000216,0001000050,2025-01-08,2025-01-08,675702.76,PHP,1000,01,Z1,1000,001,TA,SAP,2025-01-01 00:00:00
10000217,0001000045,2024-01-29,2024-01-29,159081.85,CNY,1000,01,Z1,1000,001,TA,SAP,2025-01-01 00:00:00
10000218,0001000024,2024-07-14,2024-07-14,297163.96,PLN,1000,01,Z1,1000,001,TA,SAP,2025-01-01 00:00:00
10000219,0001000076,2024-05-15,2024-05-15,207966.66,USD,1000,01,Z1,1000,001,TA,SAP,2025-01-01 00:00:00
10000220,0001000018,2025-01-16,2025-01-16,257548.57,EUR,1000,01,Z1,1000,001,TA,SAP,2025-01-01 00:00:00
10000221,0001000066,2024-08-01,2024-08-01,442845.33,PEN,1000,01,Z1,1000,001,TA,SAP,2025-01-01 00:00:00
10000222,0001000015,2024-02-05,2024-02-05,687634.59,EUR,1000,01,Z1,1000,001,TA,SAP,2025-01-01 00:00:00
10000223,0001000052,2024-08-19,2024-08-19,264904.78,IDR,1000,01,Z1,1000,001,TA,SAP,2025-01-01 00:00:00
10000224,0001000041,2024-05-07,2024-05-07,299010.14,USD,1000,01,Z1,1000,001,TA,SAP,2025-01-01 00:00:00
10000225,0001000091,2024-09-26,2024-09-26,192277.23,EUR,1000,01,Z1,1000,001,TA,SAP,2025-01-01 00:00:00
10000226,0001000076,2024-07-07,2024-07-07,447247.74,USD,1000,01,Z1,1000,001,TA,SAP,2025-01-01 00:00:00
10000227,0001000038,2024-10-04,2024-10-04,582057.88,USD,1000,01,Z1,1000,001,TA,SAP,2025-01-01 00:00:00
10000228,0001000030,2024-09-18,2024-09-18,148859.86,EUR,1000,01,Z1,1000,001,TA,SAP,2025-01-01 00:00:00
10000229,0001000068,2024-09-14,2024-09-14,204725.00,VES,1000,01,Z1,1000,001,TA,SAP,2025-01-01 00:00:00
10000230,0001000100,2024-07-23,2024-07-23,158622.32,EUR,1000,01,Z1,1000,001,TA,SAP,2025-01-01 00:00:00
10000231,0001000096,2024-03-29,2024-03-29,467956.68,GBP,1000,01,Z1,1000,001,TA,SAP,2025-01-01 00:00:00
10000232,0001000042,2024-09-01,2024-09-01,187025.02,USD,1000,01,Z1,1000,001,TA,SAP,2025-01-01 00:00:00
10000233,0001000041,2024-04-25,2024-04-25,357803.95,USD,1000,01,Z1,1000,001,TA,SAP,2025-01-01 00:00:00
10000234,0001000068,2025-01-05,2025-01-05,215181.39,VES,1000,01,Z1,1000,001,TA,SAP,2025-01-01 00:00:00
10000235,0001000018,2024-01-15,2024-01-15,256333.20,EUR,1000,01,Z1,1000,001,TA,SAP,2025-01-01 00:00:00
10000236,0001000010,2024-05-13,2024-05-13,87873.49,CAD,1000,01,Z1,1000,001,TA,SAP,2025-01-01 00:00:00
10000237,0001000006,2024-01-03,2024-01-03,99247.21,SEK,1000,01,Z1,1000,001,TA,SAP,2025-01-01 00:00:00
10000238,0001000098,2024-09-15,2024-09-15,292183.17,EUR,1000,01,Z1,1000,001,TA,SAP,2025-01-01 00:00:00
10000239,0001000002,2024-03-01,2024-03-01,462461.02,GBP,1000,01,Z1,1000,001,TA,SAP,2025-01-01 00:00:00
10000240,0001000015,2024-12-11,2024-12-11,182650.71,EUR,1000,01,Z1,1000,001,TA,SAP,2025-01-01 00:00:00
10000241,0001000020,2024-08-29,2024-08-29,77801.37,EUR,1000,01,Z1,1000,001,TA,SAP,2025-01-01 00:00:00
10000242,0001000080,2024-10-15,2024-10-15,503960.61,USD,1000,01,Z1,1000,001,TA,SAP,2025-01-01 00:00:00
10000243,0001000036,2024-09-04,2024-09-04,244945.50,CAD,1000,01,Z1,1000,001,TA,SAP,2025-01-01 00:00:00
10000244,0001000049,2024-09-04,2024-09-04,73905.02,MYR,1000,01,Z1,1000,001,TA,SAP,2025-01-01 00:00:00
10000245,0001000057,2024-05-05,2024-05-05,185078.28,ILS,1000,01,Z1,1000,001,TA,SAP,2025-01-01 00:00:00
10000246,0001000093,2024-11-26,2024-11-26,344523.64,EUR,1000,01,Z1,1000,001,TA,SAP,2025-01-01 00:00:00
10000247,0001000096,2024-04-23,2024-04-23,444081.60,GBP,1000,01,Z1,1000,001,TA,SAP,2025-01-01 00:00:00
10000248,0001000006,2024-08-24,2024-08-24,518644.18,SEK,1000,01,Z1,1000,001,TA,SAP,2025-01-01 00:00:00
10000249,0001000052,2024-08-03,2024-08-03,442672.56,IDR,1000,01,Z1,1000,001,TA,SAP,2025-01-01 00:00:00
10000250,0001000077,2024-12-01,2024-12-01,380958.28,USD,1000,01,Z1,1000,001,TA,SAP,2025-01-01 00:00:00
10000251,0001000067,2024-05-14,2024-05-14,344194.32,COP,1000,01,Z1,1000,001,TA,SAP,2025-01-01 00:00:00
10000252,0001000023,2024-01-12,2024-01-12,170896.64,NOK,1000,01,Z1,1000,001,TA,SAP,2025-01-01 00:00:00
10000253,0001000090,2024-06-10,2024-06-10,198276.26,CHF,1000,01,Z1,1000,001,TA,SAP,2025-01-01 00:00:00
10000254,0001000090,2024-07-07,2024-07-07,279945.82,CHF,1000,01,Z1,1000,001,TA,SAP,2025-01-01 00:00:00
10000255,0001000066,2024-03-31,2024-03-31,537391.33,PEN,1000,01,Z1,1000,001,TA,SAP,2025-01-01 00:00:00
10000256,0001000042,2025-01-01,2025-01-01,356856.75,USD,1000,01,Z1,1000,001,TA,SAP,2025-01-01 00:00:00
10000257,0001000018,2024-04-03,2024-04-03,247359.97,EUR,1000,01,Z1,1000,001,TA,SAP,2025-01-01 00:00:00
10000258,0001000097,2024-06-06,2024-06-06,270803.17,GBP,1000,01,Z1,1000,001,TA,SAP,2025-01-01 00:00:00
10000259,0001000083,2024-07-04,2024-07-04,318250.16,USD,1000,01,Z1,1000,001,TA,SAP,2025-01-01 00:00:00
10000260,0001000095,2024-03-04,2024-03-04,140759.53,GBP,1000,01,Z1,1000,001,TA,SAP,2025-01-01 00:00:00
10000261,0001000071,2024-12-29,2024-12-29,442170.55,USD,1000,01,Z1,1000,001,TA,SAP,2025-01-01 00:00:00
10000262,0001000024,2024-02-29,2024-02-29,231014.49,PLN,1000,01,Z1,1000,001,TA,SAP,2025-01-01 00:00:00
10000263,0001000017,2024-08-06,2024-08-06,482936.72,EUR,1000,01,Z1,1000,001,TA,SAP,2025-01-01 00:00:00
10000264,0001000057,2024-08-12,2024-08-12,183991.08,ILS,1000,01,Z1,1000,001,TA,SAP,2025-01-01 00:00:00
10000265,0001000074,2024-01-15,2024-01-15,191229.30,USD,1000,01,Z1,1000,001,TA,SAP,2025-01-01 00:00:00
10000266,0001000072,2024-09-06,2024-09-06,535922.80,USD,1000,01,Z1,1000,001,TA,SAP,2025-01-01 00:00:00
10000267,0001000060,2024-07-22,2024-07-22,92064.90,ZAR,1000,01,Z1,1000,001,TA,SAP,2025-01-01 00:00:00
10000268,0001000040,2024-02-11,2024-02-11,166504.02,USD,1000,01,Z1,1000,001,TA,SAP,2025-01-01 00:00:00
10000269,0001000095,2024-04-17,2024-04-17,119639.59,GBP,1000,01,Z1,1000,001,TA,SAP,2025-01-01 00:00:00
10000270,0001000016,2024-08-20,2024-08-20,355331.57,EUR,1000,01,Z1,1000,001,TA,SAP,2025-01-01 00:00:00
10000271,0001000066,2024-07-20,2024-07-20,183832.16,PEN,1000,01,Z1,1000,001,TA,SAP,2025-01-01 00:00:00
10000272,0001000080,2024-12-22,2024-12-22,288296.59,USD,1000,01,Z1,1000,001,TA,SAP,2025-01-01 00:00:00
10000273,0001000018,2025-01-14,2025-01-14,157185.32,EUR,1000,01,Z1,1000,001,TA,SAP,2025-01-01 00:00:00
10000274,0001000015,2024-03-06,2024-03-06,129406.53,EUR,1000,01,Z1,1000,001,TA,SAP,2025-01-01 00:00:00
10000275,0001000083,2024-08-01,2024-08-01,262395.31,USD,1000,01,Z1,1000,001,TA,SAP,2025-01-01 00:00:00
10000276,0001000035,2024-08-17,2024-08-17,536357.13,CAD,1000,01,Z1,1000,001,TA,SAP,2025-01-01 00:00:00
10000277,0001000098,2024-09-26,2024-09-26,279394.37,EUR,1000,01,Z1,1000,001,TA,SAP,2025-01-01 00:00:00
10000278,0001000010,2024-09-04,2024-09-04,220925.03,CAD,1000,01,Z1,1000,001,TA,SAP,2025-01-01 00:00:00
10000279,0001000053,2024-03-08,2024-03-08,548340.54,INR,1000,01,Z1,1000,001,TA,SAP,2025-01-01 00:00:00
10000280,0001000064,2024-12-22,2024-12-22,293479.23,ARS,1000,01,Z1,1000,001,TA,SAP,2025-01-01 00:00:00
10000281,0001000048,2024-03-02,2024-03-02,180637.83,THB,1000,01,Z1,1000,001,TA,SAP,2025-01-01 00:00:00
10000282,0001000009,2024-01-01,2024-01-01,215738.98,CHF,1000,01,Z1,1000,001,TA,SAP,2025-01-01 00:00:00
10000283,0001000022,2024-08-15,2024-08-15,631615.28,EUR,1000,01,Z1,1000,001,TA,SAP,2025-01-01 00:00:00
10000284,0001000008,2024-09-20,2024-09-20,174951.73,BRL,1000,01,Z1,1000,001,TA,SAP,2025-01-01 00:00:00
10000285,0001000055,2024-05-25,2024-05-25,556664.63,INR,1000,01,Z1,1000,001,TA,SAP,2025-01-01 00:00:00
10000286,0001000044,2024-01-21,2024-01-21,679176.61,NZD,1000,01,Z1,1000,001,TA,SAP,2025-01-01 00:00:00
10000287,0001000090,2024-04-22,2024-04-22,164581.20,CHF,1000,01,Z1,1000,001,TA,SAP,2025-01-01 00:00:00
10000288,0001000065,2024-09-10,2024-09-10,199864.50,CLP,1000,01,Z1,1000,001,TA,SAP,2025-01-01 00:00:00
10000289,0001000020,2024-01-14,2024-01-14,492531.44,EUR,1000,01,Z1,1000,001,TA,SAP,2025-01-01 00:00:00
10000290,0001000077,2024-12-03,2024-12-03,898926.12,USD,1000,01,Z1,1000,001,TA,SAP,2025-01-01 00:00:00
10000291,0001000040,2024-09-14,2024-09-14,474097.59,USD,1000,01,Z1,1000,001,TA,SAP,2025-01-01 00:00:00
10000292,0001000061,2024-10-13,2024-10-13,458374.96,ZAR,1000,01,Z1,1000,001,TA,SAP,2025-01-01 00:00:00
10000293,0001000010,2024-05-23,2024-05-23,392367.50,CAD,1000,01,Z1,1000,001,TA,SAP,2025-01-01 00:00:00
10000294,0001000062,2024-05-17,2024-05-17,213973.94,NGN,1000,01,Z1,1000,001,TA,SAP,2025-01-01 00:00:00
10000295,0001000021,2024-12-31,2024-12-31,252178.15,EUR,1000,01,Z1,1000,001,TA,SAP,2025-01-01 00:00:00
10000296,0001000042,2024-12-05,2024-12-05,175961.25,USD,1000,01,Z1,1000,001,TA,SAP,2025-01-01 00:00:00
10000297,0001000022,2024-04-19,2024-04-19,253756.54,EUR,1000,01,Z1,1000,001,TA,SAP,2025-01-01 00:00:00
10000298,0001000024,2024-07-03,2024-07-03,122809.20,PLN,1000,01,Z1,1000,001,TA,SAP,2025-01-01 00:00:00
10000299,0001000017,2024-10-29,2024-10-29,60212.18,EUR,1000,01,Z1,1000,001,TA,SAP,2025-01-01 00:00:00
10000300,0001000040,2024-12-30,2024-12-30,210119.68,USD,1000,01,Z1,1000,001,TA,SAP,2025-01-01 00:00:00
10000301,0001000042,2025-01-24,2025-01-24,190133.43,USD,1000,01,Z1,1000,001,TA,SAP,2025-01-01 00:00:00
10000302,0001000084,2024-01-16,2024-01-16,343205.10,USD,1000,01,Z1,1000,001,TA,SAP,2025-01-01 00:00:00
10000303,0001000049,2025-01-19,2025-01-19,87697.49,MYR,1000,01,Z1,1000,001,TA,SAP,2025-01-01 00:00:00
10000304,0001000040,2024-01-18,2024-01-18,469465.14,USD,1000,01,Z1,1000,001,TA,SAP,2025-01-01 00:00:00
10000305,0001000047,2024-04-20,2024-04-20,599478.13,HKD,1000,01,Z1,1000,001,TA,SAP,2025-01-01 00:00:00
10000306,0001000098,2024-05-27,2024-05-27,105013.14,EUR,1000,01,Z1,1000,001,TA,SAP,2025-01-01 00:00:00
10000307,0001000001,2024-03-21,2024-03-21,197897.18,EUR,1000,01,Z1,1000,001,TA,SAP,2025-01-01 00:00:00
10000308,0001000074,2024-08-20,2024-08-20,773730.56,USD,1000,01,Z1,1000,001,TA,SAP,2025-01-01 00:00:00
10000309,0001000003,2024-10-01,2024-10-01,124831.10,USD,1000,01,Z1,1000,001,TA,SAP,2025-01-01 00:00:00
10000310,0001000064,2025-01-26,2025-01-26,628322.54,ARS,1000,01,Z1,1000,001,TA,SAP,2025-01-01 00:00:00
10000311,0001000075,2024-02-23,2024-02-23,109059.41,USD,1000,01,Z1,1000,001,TA,SAP,2025-01-01 00:00:00
10000312,0001000051,2024-06-03,2024-06-03,79148.80,TWD,1000,01,Z1,1000,001,TA,SAP,2025-01-01 00:00:00
10000313,0001000043,2024-11-24,2024-11-24,139540.52,AUD,1000,01,Z1,1000,001,TA,SAP,2025-01-01 00:00:00
10000314,0001000065,2024-06-02,2024-06-02,147146.85,CLP,1000,01,Z1,1000,001,TA,SAP,2025-01-01 00:00:00
10000315,0001000008,2024-07-31,2024-07-31,756122.46,BRL,1000,01,Z1,1000,001,TA,SAP,2025-01-01 00:00:00
10000316,0001000018,2024-04-04,2024-04-04,483462.31,EUR,1000,01,Z1,1000,001,TA,SAP,2025-01-01 00:00:00
10000317,0001000080,2024-02-19,2024-02-19,541593.82,USD,1000,01,Z1,1000,001,TA,SAP,2025-01-01 00:00:00
10000318,0001000084,2024-08-19,2024-08-19,79628.35,USD,1000,01,Z1,1000,001,TA,SAP,2025-01-01 00:00:00
10000319,0001000039,2024-11-18,2024-11-18,412512.89,USD,1000,01,Z1,1000,001,TA,SAP,2025-01-01 00:00:00
10000320,0001000005,2024-08-26,2024-08-26,497045.38,EUR,1000,01,Z1,1000,001,TA,SAP,2025-01-01 00:00:00
10000321,0001000086,2024-09-11,2024-09-11,95404.08,AUD,1000,01,Z1,1000,001,TA,SAP,2025-01-01 00:00:00
10000322,0001000083,2024-04-11,2024-04-11,299575.95,USD,1000,01,Z1,1000,001,TA,SAP,2025-01-01 00:00:00
10000323,0001000080,2024-09-15,2024-09-15,364379.83,USD,1000,01,Z1,1000,001,TA,SAP,2025-01-01 00:00:00
10000324,0001000095,2024-11-10,2024-11-10,166835.89,GBP,1000,01,Z1,1000,001,TA,SAP,2025-01-01 00:00:00
10000325,0001000087,2024-12-26,2024-12-26,820661.51,NZD,1000,01,Z1,1000,001,TA,SAP,2025-01-01 00:00:00
10000326,0001000054,2024-05-17,2024-05-17,78801.10,INR,1000,01,Z1,1000,001,TA,SAP,2025-01-01 00:00:00
10000327,0001000053,2024-09-23,2024-09-23,383308.36,INR,1000,01,Z1,1000,001,TA,SAP,2025-01-01 00:00:00
10000328,0001000066,2024-11-16,2024-11-16,277138.10,PEN,1000,01,Z1,1000,001,TA,SAP,2025-01-01 00:00:00
10000329,0001000053,2024-08-09,2024-08-09,286864.54,INR,1000,01,Z1,1000,001,TA,SAP,2025-01-01 00:00:00
10000330,0001000074,2024-06-24,2024-06-24,109914.47,USD,1000,01,Z1,1000,001,TA,SAP,2025-01-01 00:00:00
10000331,0001000070,2024-08-31,2024-08-31,990427.14,CAD,1000,01,Z1,1000,001,TA,SAP,2025-01-01 00:00:00
10000332,0001000015,2024-06-03,2024-06-03,119643.53,EUR,1000,01,Z1,1000,001,TA,SAP,2025-01-01 00:00:00
10000333,0001000010,2024-05-15,2024-05-15,374712.16,CAD,1000,01,Z1,1000,001,TA,SAP,2025-01-01 00:00:00
10000334,0001000070,2024-10-06,2024-10-06,465927.17,CAD,1000,01,Z1,1000,001,TA,SAP,2025-01-01 00:00:00
10000335,0001000089,2024-09-16,2024-09-16,82458.79,CHF,1000,01,Z1,1000,001,TA,SAP,2025-01-01 00:00:00
10000336,0001000093,2024-05-17,2024-05-17,200826.61,EUR,1000,01,Z1,1000,001,TA,SAP,2025-01-01 00:00:00
10000337,0001000024,2024-06-17,2024-06-17,96507.23,PLN,1000,01,Z1,1000,001,TA,SAP,2025-01-01 00:00:00
10000338,0001000066,2024-06-12,2024-06-12,226771.25,PEN,1000,01,Z1,1000,001,TA,SAP,2025-01-01 00:00:00
10000339,0001000067,2024-09-03,2024-09-03,67707.49,COP,1000,01,Z1,1000,001,TA,SAP,2025-01-01 00:00:00
10000340,0001000080,2024-08-20,2024-08-20,106773.21,USD,1000,01,Z1,1000,001,TA,SAP,2025-01-01 00:00:00
10000341,0001000029,2024-06-07,2024-06-07,69704.97,DKK,1000,01,Z1,1000,001,TA,SAP,2025-01-01 00:00:00
10000342,0001000079,2024-12-20,2024-12-20,228205.64,USD,1000,01,Z1,1000,001,TA,SAP,2025-01-01 00:00:00
10000343,0001000054,2024-10-20,2024-10-20,294673.17,INR,1000,01,Z1,1000,001,TA,SAP,2025-01-01 00:00:00
10000344,0001000039,2024-10-30,2024-10-30,195215.37,USD,1000,01,Z1,1000,001,TA,SAP,2025-01-01 00:00:00
10000345,0001000019,2024-08-25,2024-08-25,457350.79,EUR,1000,01,Z1,1000,001,TA,SAP,2025-01-01 00:00:00
10000346,0001000002,2024-07-03,2024-07-03,318722.24,GBP,1000,01,Z1,1000,001,TA,SAP,2025-01-01 00:00:00
10000347,0001000023,2024-10-10,2024-10-10,252655.79,NOK,1000,01,Z1,1000,001,TA,SAP,2025-01-01 00:00:00
10000348,0001000093,2024-10-08,2024-10-08,540946.49,EUR,1000,01,Z1,1000,001,TA,SAP,2025-01-01 00:00:00
10000349,0001000099,2024-03-09,2024-03-09,253641.08,EUR,1000,01,Z1,1000,001,TA,SAP,2025-01-01 00:00:00
10000350,0001000072,2024-08-22,2024-08-22,54441.36,USD,1000,01,Z1,1000,001,TA,SAP,2025-01-01 00:00:00
10000351,0001000064,2024-10-22,2024-10-22,453530.84,ARS,1000,01,Z1,1000,001,TA,SAP,2025-01-01 00:00:00
10000352,0001000086,2024-05-21,2024-05-21,191418.63,AUD,1000,01,Z1,1000,001,TA,SAP,2025-01-01 00:00:00
10000353,0001000014,2024-12-27,2024-12-27,116457.49,MXN,1000,01,Z1,1000,001,TA,SAP,2025-01-01 00:00:00
10000354,0001000042,2024-12-05,2024-12-05,113987.26,USD,1000,01,Z1,1000,001,TA,SAP,2025-01-01 00:00:00
10000355,0001000099,2024-08-11,2024-08-11,142101.42,EUR,1000,01,Z1,1000,001,TA,SAP,2025-01-01 00:00:00
10000356,0001000075,2024-10-14,2024-10-14,473411.57,USD,1000,01,Z1,1000,001,TA,SAP,2025-01-01 00:00:00
10000357,0001000095,2024-11-03,2024-11-03,122608.87,GBP,1000,01,Z1,1000,001,TA,SAP,2025-01-01 00:00:00
10000358,0001000032,2025-01-04,2025-01-04,763477.37,EUR,1000,01,Z1,1000,001,TA,SAP,2025-01-01 00:00:00
10000359,0001000068,2024-07-18,2024-07-18,114772.12,VES,1000,01,Z1,1000,001,TA,SAP,2025-01-01 00:00:00
10000360,0001000039,2024-03-06,2024-03-06,408807.78,USD,1000,01,Z1,1000,001,TA,SAP,2025-01-01 00:00:00
10000361,0001000043,2024-11-21,2024-11-21,361502.39,AUD,1000,01,Z1,1000,001,TA,SAP,2025-01-01 00:00:00
10000362,0001000015,2024-05-17,2024-05-17,284660.45,EUR,1000,01,Z1,1000,001,TA,SAP,2025-01-01 00:00:00
10000363,0001000093,2024-02-23,2024-02-23,263476.45,EUR,1000,01,Z1,1000,001,TA,SAP,2025-01-01 00:00:00
10000364,0001000051,2024-06-24,2024-06-24,222911.97,TWD,1000,01,Z1,1000,001,TA,SAP,2025-01-01 00:00:00
10000365,0001000049,2024-05-22,2024-05-22,451281.02,MYR,1000,01,Z1,1000,001,TA,SAP,2025-01-01 00:00:00
10000366,0001000016,2024-07-03,2024-07-03,647667.83,EUR,1000,01,Z1,1000,001,TA,SAP,2025-01-01 00:00:00
10000367,0001000090,2024-12-21,2024-12-21,174229.23,CHF,1000,01,Z1,1000,001,TA,SAP,2025-01-01 00:00:00
10000368,0001000035,2024-02-26,2024-02-26,547167.58,CAD,1000,01,Z1,1000,001,TA,SAP,2025-01-01 00:00:00
10000369,0001000058,2024-04-27,2024-04-27,183022.10,TRY,1000,01,Z1,1000,001,TA,SAP,2025-01-01 00:00:00
10000370,0001000009,2024-07-21,2024-07-21,379036.60,CHF,1000,01,Z1,1000,001,TA,SAP,2025-01-01 00:00:00
10000371,0001000049,2024-05-02,2024-05-02,161321.26,MYR,1000,01,Z1,1000,001,TA,SAP,2025-01-01 00:00:00
10000372,0001000093,2024-09-12,2024-09-12,407839.39,EUR,1000,01,Z1,1000,001,TA,SAP,2025-01-01 00:00:00
10000373,0001000067,2024-12-29,2024-12-29,225327.10,COP,1000,01,Z1,1000,001,TA,SAP,2025-01-01 00:00:00
10000374,0001000033,2025-01-07,2025-01-07,475769.83,EUR,1000,01,Z1,1000,001,TA,SAP,2025-01-01 00:00:00
10000375,0001000042,2024-09-18,2024-09-18,368177.89,USD,1000,01,Z1,1000,001,TA,SAP,2025-01-01 00:00:00
10000376,0001000076,2024-02-01,2024-02-01,238758.71,USD,1000,01,Z1,1000,001,TA,SAP,2025-01-01 00:00:00
10000377,0001000092,2024-04-20,2024-04-20,157682.46,EUR,1000,01,Z1,1000,001,TA,SAP,2025-01-01 00:00:00
10000378,0001000081,2024-09-06,2024-09-06,154149.37,USD,1000,01,Z1,1000,001,TA,SAP,2025-01-01 00:00:00
10000379,0001000084,2024-04-21,2024-04-21,203390.54,USD,1000,01,Z1,1000,001,TA,SAP,2025-01-01 00:00:00
10000380,0001000023,2024-04-06,2024-04-06,197385.54,NOK,1000,01,Z1,1000,001,TA,SAP,2025-01-01 00:00:00
10000381,0001000042,2024-04-06,2024-04-06,106060.64,USD,1000,01,Z1,1000,001,TA,SAP,2025-01-01 00:00:00
10000382,0001000032,2024-07-01,2024-07-01,183684.13,EUR,1000,01,Z1,1000,001,TA,SAP,2025-01-01 00:00:00
10000383,0001000092,2024-10-10,2024-10-10,167263.59,EUR,1000,01,Z1,1000,001,TA,SAP,2025-01-01 00:00:00
10000384,0001000068,2024-05-21,2024-05-21,354852.99,VES,1000,01,Z1,1000,001,TA,SAP,2025-01-01 00:00:00
10000385,0001000078,2024-02-13,2024-02-13,155617.39,USD,1000,01,Z1,1000,001,TA,SAP,2025-01-01 00:00:00
10000386,0001000015,2024-04-10,2024-04-10,446338.90,EUR,1000,01,Z1,1000,001,TA,SAP,2025-01-01 00:00:00
10000387,0001000039,2024-10-03,2024-10-03,807533.12,USD,1000,01,Z1,1000,001,TA,SAP,2025-01-01 00:00:00
10000388,0001000047,2024-06-05,2024-06-05,215647.26,HKD,1000,01,Z1,1000,001,TA,SAP,2025-01-01 00:00:00
10000389,0001000089,2024-06-05,2024-06-05,485074.36,CHF,1000,01,Z1,1000,001,TA,SAP,2025-01-01 00:00:00
10000390,0001000034,2024-04-03,2024-04-03,465379.14,EUR,1000,01,Z1,1000,001,TA,SAP,2025-01-01 00:00:00
10000391,0001000092,2024-05-10,2024-05-10,490550.70,EUR,1000,01,Z1,1000,001,TA,SAP,2025-01-01 00:00:00
10000392,0001000063,2024-04-12,2024-04-12,95482.75,KES,1000,01,Z1,1000,001,TA,SAP,2025-01-01 00:00:00
10000393,0001000040,2024-10-20,2024-10-20,77155.02,USD,1000,01,Z1,1000,001,TA,SAP,2025-01-01 00:00:00
10000394,0001000017,2024-06-14,2024-06-14,293580.53,EUR,1000,01,Z1,1000,001,TA,SAP,2025-01-01 00:00:00
10000395,0001000077,2024-01-09,2024-01-09,230827.44,USD,1000,01,Z1,1000,001,TA,SAP,2025-01-01 00:00:00
10000396,0001000059,2024-11-05,2024-11-05,907079.72,EGP,1000,01,Z1,1000,001,TA,SAP,2025-01-01 00:00:00
10000397,0001000025,2024-09-01,2024-09-01,503037.50,CZK,1000,01,Z1,1000,001,TA,SAP,2025-01-01 00:00:00
10000398,0001000005,2024-12-29,2024-12-29,213858.60,EUR,1000,01,Z1,1000,001,TA,SAP,2025-01-01 00:00:00
10000399,0001000050,2024-06-03,2024-06-03,211163.55,PHP,1000,01,Z1,1000,001,TA,SAP,2025-01-01 00:00:00
10000400,0001000002,2024-01-17,2024-01-17,352727.86,GBP,1000,01,Z1,1000,001,TA,SAP,2025-01-01 00:00:00
10000401,0001000035,2024-04-24,2024-04-24,395681.15,CAD,1000,01,Z1,1000,001,TA,SAP,2025-01-01 00:00:00
10000402,0001000050,2024-03-05,2024-03-05,472473.18,PHP,1000,01,Z1,1000,001,TA,SAP,2025-01-01 00:00:00
10000403,0001000018,2024-10-12,2024-10-12,219168.68,EUR,1000,01,Z1,1000,001,TA,SAP,2025-01-01 00:00:00
10000404,0001000022,2024-11-10,2024-11-10,241326.94,EUR,1000,01,Z1,1000,001,TA,SAP,2025-01-01 00:00:00
10000405,0001000051,2024-11-28,2024-11-28,224916.01,TWD,1000,01,Z1,1000,001,TA,SAP,2025-01-01 00:00:00
10000406,0001000078,2024-01-13,2024-01-13,323907.31,USD,1000,01,Z1,1000,001,TA,SAP,2025-01-01 00:00:00
10000407,0001000023,2024-06-27,2024-06-27,121785.33,NOK,1000,01,Z1,1000,001,TA,SAP,2025-01-01 00:00:00
10000408,0001000022,2024-06-01,2024-06-01,447185.96,EUR,1000,01,Z1,1000,001,TA,SAP,2025-01-01 00:00:00
10000409,0001000097,2024-08-20,2024-08-20,278219.20,GBP,1000,01,Z1,1000,001,TA,SAP,2025-01-01 00:00:00
10000410,0001000039,2024-12-05,2024-12-05,163782.09,USD,1000,01,Z1,1000,001,TA,SAP,2025-01-01 00:00:00
10000411,0001000009,2024-12-05,2024-12-05,649422.63,CHF,1000,01,Z1,1000,001,TA,SAP,2025-01-01 00:00:00
10000412,0001000019,2024-01-07,2024-01-07,312693.05,EUR,1000,01,Z1,1000,001,TA,SAP,2025-01-01 00:00:00
10000413,0001000022,2024-03-05,2024-03-05,629088.80,EUR,1000,01,Z1,1000,001,TA,SAP,2025-01-01 00:00:00
10000414,0001000040,2024-01-19,2024-01-19,456452.45,USD,1000,01,Z1,1000,001,TA,SAP,2025-01-01 00:00:00
10000415,0001000066,2024-08-17,2024-08-17,217452.52,PEN,1000,01,Z1,1000,001,TA,SAP,2025-01-01 00:00:00
10000416,0001000018,2024-12-02,2024-12-02,316679.14,EUR,1000,01,Z1,1000,001,TA,SAP,2025-01-01 00:00:00
10000417,0001000033,2025-01-08,2025-01-08,188166.18,EUR,1000,01,Z1,1000,001,TA,SAP,2025-01-01 00:00:00
10000418,0001000099,2024-03-10,2024-03-10,472379.35,EUR,1000,01,Z1,1000,001,TA,SAP,2025-01-01 00:00:00
10000419,0001000011,2024-01-16,2024-01-16,157213.76,EUR,1000,01,Z1,1000,001,TA,SAP,2025-01-01 00:00:00
10000420,0001000054,2024-01-30,2024-01-30,233237.20,INR,1000,01,Z1,1000,001,TA,SAP,2025-01-01 00:00:00
10000421,0001000021,2024-12-04,2024-12-04,67623.41,EUR,1000,01,Z1,1000,001,TA,SAP,2025-01-01 00:00:00
10000422,0001000058,2024-04-17,2024-04-17,129267.33,TRY,1000,01,Z1,1000,001,TA,SAP,2025-01-01 00:00:00
10000423,0001000008,2025-01-02,2025-01-02,270798.39,BRL,1000,01,Z1,1000,001,TA,SAP,2025-01-01 00:00:00
10000424,0001000078,2024-04-28,2024-04-28,808784.02,USD,1000,01,Z1,1000,001,TA,SAP,2025-01-01 00:00:00
10000425,0001000026,2024-10-12,2024-10-12,302553.21,HUF,1000,01,Z1,1000,001,TA,SAP,2025-01-01 00:00:00
10000426,0001000083,2024-10-14,2024-10-14,158778.54,USD,1000,01,Z1,1000,001,TA,SAP,2025-01-01 00:00:00
10000427,0001000024,2024-03-16,2024-03-16,508494.09,PLN,1000,01,Z1,1000,001,TA,SAP,2025-01-01 00:00:00
10000428,0001000027,2024-05-19,2024-05-19,111836.90,EUR,1000,01,Z1,1000,001,TA,SAP,2025-01-01 00:00:00
10000429,0001000021,2024-01-07,2024-01-07,357525.85,EUR,1000,01,Z1,1000,001,TA,SAP,2025-01-01 00:00:00
10000430,0001000095,2024-03-14,2024-03-14,178255.51,GBP,1000,01,Z1,1000,001,TA,SAP,2025-01-01 00:00:00
10000431,0001000087,2024-05-14,2024-05-14,132019.16,NZD,1000,01,Z1,1000,001,TA,SAP,2025-01-01 00:00:00
10000432,0001000024,2024-04-15,2024-04-15,585023.08,PLN,1000,01,Z1,1000,001,TA,SAP,2025-01-01 00:00:00
10000433,0001000019,2024-11-15,2024-11-15,53216.57,EUR,1000,01,Z1,1000,001,TA,SAP,2025-01-01 00:00:00
10000434,0001000085,2024-06-25,2024-06-25,620860.45,AUD,1000,01,Z1,1000,001,TA,SAP,2025-01-01 00:00:00
10000435,0001000088,2024-07-10,2024-07-10,78513.88,NZD,1000,01,Z1,1000,001,TA,SAP,2025-01-01 00:00:00
10000436,0001000001,2024-06-01,2024-06-01,133935.77,EUR,1000,01,Z1,1000,001,TA,SAP,2025-01-01 00:00:00
10000437,0001000019,2024-12-12,2024-12-12,634592.56,EUR,1000,01,Z1,1000,001,TA,SAP,2025-01-01 00:00:00
10000438,0001000082,2024-01-10,2024-01-10,169306.80,USD,1000,01,Z1,1000,001,TA,SAP,2025-01-01 00:00:00
10000439,0001000014,2024-07-14,2024-07-14,294235.88,MXN,1000,01,Z1,1000,001,TA,SAP,2025-01-01 00:00:00
10000440,0001000014,2024-08-11,2024-08-11,199374.82,MXN,1000,01,Z1,1000,001,TA,SAP,2025-01-01 00:00:00
10000441,0001000082,2024-01-07,2024-01-07,232484.75,USD,1000,01,Z1,1000,001,TA,SAP,2025-01-01 00:00:00
10000442,0001000083,2024-09-20,2024-09-20,167027.51,USD,1000,01,Z1,1000,001,TA,SAP,2025-01-01 00:00:00
10000443,0001000019,2024-12-05,2024-12-05,1009264.09,EUR,1000,01,Z1,1000,001,TA,SAP,2025-01-01 00:00:00
10000444,0001000077,2024-11-01,2024-11-01,136893.27,USD,1000,01,Z1,1000,001,TA,SAP,2025-01-01 00:00:00
10000445,0001000093,2024-07-12,2024-07-12,271119.17,EUR,1000,01,Z1,1000,001,TA,SAP,2025-01-01 00:00:00
10000446,0001000039,2024-06-06,2024-06-06,222818.98,USD,1000,01,Z1,1000,001,TA,SAP,2025-01-01 00:00:00
10000447,0001000053,2024-07-17,2024-07-17,285972.68,INR,1000,01,Z1,1000,001,TA,SAP,2025-01-01 00:00:00
10000448,0001000099,2024-04-21,2024-04-21,335945.25,EUR,1000,01,Z1,1000,001,TA,SAP,2025-01-01 00:00:00
10000449,0001000052,2024-07-22,2024-07-22,272290.02,IDR,1000,01,Z1,1000,001,TA,SAP,2025-01-01 00:00:00
10000450,0001000047,2024-03-06,2024-03-06,86062.05,HKD,1000,01,Z1,1000,001,TA,SAP,2025-01-01 00:00:00
10000451,0001000002,2024-05-29,2024-05-29,903494.28,GBP,1000,01,Z1,1000,001,TA,SAP,2025-01-01 00:00:00
10000452,0001000010,2024-08-23,2024-08-23,150651.17,CAD,1000,01,Z1,1000,001,TA,SAP,2025-01-01 00:00:00
10000453,0001000081,2024-01-26,2024-01-26,334818.70,USD,1000,01,Z1,1000,001,TA,SAP,2025-01-01 00:00:00
10000454,0001000023,2024-04-27,2024-04-27,151745.19,NOK,1000,01,Z1,1000,001,TA,SAP,2025-01-01 00:00:00
10000455,0001000005,2024-11-26,2024-11-26,324029.29,EUR,1000,01,Z1,1000,001,TA,SAP,2025-01-01 00:00:00
10000456,0001000069,2024-04-29,2024-04-29,218758.47,BRL,1000,01,Z1,1000,001,TA,SAP,2025-01-01 00:00:00
10000457,0001000033,2024-04-11,2024-04-11,280114.09,EUR,1000,01,Z1,1000,001,TA,SAP,2025-01-01 00:00:00
10000458,0001000095,2024-07-18,2024-07-18,191248.68,GBP,1000,01,Z1,1000,001,TA,SAP,2025-01-01 00:00:00
10000459,0001000016,2024-02-24,2024-02-24,226831.98,EUR,1000,01,Z1,1000,001,TA,SAP,2025-01-01 00:00:00
10000460,0001000059,2024-02-10,2024-02-10,171041.15,EGP,1000,01,Z1,1000,001,TA,SAP,2025-01-01 00:00:00
10000461,0001000052,2024-04-11,2024-04-11,773951.17,IDR,1000,01,Z1,1000,001,TA,SAP,2025-01-01 00:00:00
10000462,0001000038,2024-05-20,2024-05-20,220814.57,USD,1000,01,Z1,1000,001,TA,SAP,2025-01-01 00:00:00
10000463,0001000059,2024-10-02,2024-10-02,169365.55,EGP,1000,01,Z1,1000,001,TA,SAP,2025-01-01 00:00:00
10000464,0001000091,2024-02-26,2024-02-26,150256.20,EUR,1000,01,Z1,1000,001,TA,SAP,2025-01-01 00:00:00
10000465,0001000001,2025-01-18,2025-01-18,245075.18,EUR,1000,01,Z1,1000,001,TA,SAP,2025-01-01 00:00:00
10000466,0001000031,2024-10-03,2024-10-03,534179.10,EUR,1000,01,Z1,1000,001,TA,SAP,2025-01-01 00:00:00
10000467,0001000013,2024-04-24,2024-04-24,486382.32,SGD,1000,01,Z1,1000,001,TA,SAP,2025-01-01 00:00:00
10000468,0001000070,2024-04-05,2024-04-05,102565.63,CAD,1000,01,Z1,1000,001,TA,SAP,2025-01-01 00:00:00
10000469,0001000070,2025-01-16,2025-01-16,318719.02,CAD,1000,01,Z1,1000,001,TA,SAP,2025-01-01 00:00:00
10000470,0001000002,2024-03-23,2024-03-23,484551.37,GBP,1000,01,Z1,1000,001,TA,SAP,2025-01-01 00:00:00
10000471,0001000033,2024-01-22,2024-01-22,461277.66,EUR,1000,01,Z1,1000,001,TA,SAP,2025-01-01 00:00:00
10000472,0001000048,2024-01-10,2024-01-10,232415.20,THB,1000,01,Z1,1000,001,TA,SAP,2025-01-01 00:00:00
10000473,0001000079,2024-12-19,2024-12-19,92976.13,USD,1000,01,Z1,1000,001,TA,SAP,2025-01-01 00:00:00
10000474,0001000015,2024-12-01,2024-12-01,407778.66,EUR,1000,01,Z1,1000,001,TA,SAP,2025-01-01 00:00:00
10000475,0001000050,2024-01-11,2024-01-11,322584.14,PHP,1000,01,Z1,1000,001,TA,SAP,2025-01-01 00:00:00
10000476,0001000006,2024-01-30,2024-01-30,638424.29,SEK,1000,01,Z1,1000,001,TA,SAP,2025-01-01 00:00:00
10000477,0001000061,2024-03-15,2024-03-15,354300.34,ZAR,1000,01,Z1,1000,001,TA,SAP,2025-01-01 00:00:00
10000478,0001000079,2024-05-11,2024-05-11,371183.14,USD,1000,01,Z1,1000,001,TA,SAP,2025-01-01 00:00:00
10000479,0001000057,2024-08-20,2024-08-20,126380.14,ILS,1000,01,Z1,1000,001,TA,SAP,2025-01-01 00:00:00
10000480,0001000011,2024-10-03,2024-10-03,238722.88,EUR,1000,01,Z1,1000,001,TA,SAP,2025-01-01 00:00:00
10000481,0001000044,2024-04-07,2024-04-07,285154.90,NZD,1000,01,Z1,1000,001,TA,SAP,2025-01-01 00:00:00
10000482,0001000086,2024-03-18,2024-03-18,149551.58,AUD,1000,01,Z1,1000,001,TA,SAP,2025-01-01 00:00:00
10000483,0001000057,2024-12-07,2024-12-07,392682.89,ILS,1000,01,Z1,1000,001,TA,SAP,2025-01-01 00:00:00
10000484,0001000027,2024-07-13,2024-07-13,704308.16,EUR,1000,01,Z1,1000,001,TA,SAP,2025-01-01 00:00:00
10000485,0001000038,2024-01-06,2024-01-06,204649.37,USD,1000,01,Z1,1000,001,TA,SAP,2025-01-01 00:00:00
10000486,0001000019,2025-01-05,2025-01-05,207456.61,EUR,1000,01,Z1,1000,001,TA,SAP,2025-01-01 00:00:00
10000487,0001000083,2025-01-20,2025-01-20,159069.01,USD,1000,01,Z1,1000,001,TA,SAP,2025-01-01 00:00:00
10000488,0001000001,2024-10-05,2024-10-05,462661.39,EUR,1000,01,Z1,1000,001,TA,SAP,2025-01-01 00:00:00
10000489,0001000003,2024-04-26,2024-04-26,74035.98,USD,1000,01,Z1,1000,001,TA,SAP,2025-01-01 00:00:00
10000490,0001000038,2025-01-30,2025-01-30,293365.89,USD,1000,01,Z1,1000,001,TA,SAP,2025-01-01 00:00:00
10000491,0001000079,2024-02-27,2024-02-27,110226.38,USD,1000,01,Z1,1000,001,TA,SAP,2025-01-01 00:00:00
10000492,0001000025,2024-06-16,2024-06-16,200241.25,CZK,1000,01,Z1,1000,001,TA,SAP,2025-01-01 00:00:00
10000493,0001000005,2024-04-20,2024-04-20,217697.75,EUR,1000,01,Z1,1000,001,TA,SAP,2025-01-01 00:00:00
10000494,0001000074,2024-05-20,2024-05-20,276564.01,USD,1000,01,Z1,1000,001,TA,SAP,2025-01-01 00:00:00
10000495,0001000096,2024-07-10,2024-07-10,278884.32,GBP,1000,01,Z1,1000,001,TA,SAP,2025-01-01 00:00:00
10000496,0001000038,2024-08-05,2024-08-05,90426.16,USD,1000,01,Z1,1000,001,TA,SAP,2025-01-01 00:00:00
10000497,0001000021,2024-10-02,2024-10-02,442821.06,EUR,1000,01,Z1,1000,001,TA,SAP,2025-01-01 00:00:00
10000498,0001000082,2024-08-04,2024-08-04,246488.32,USD,1000,01,Z1,1000,001,TA,SAP,2025-01-01 00:00:00
10000499,0001000048,2024-02-19,2024-02-19,867809.07,THB,1000,01,Z1,1000,001,TA,SAP,2025-01-01 00:00:00
10000500,0001000013,2024-08-27,2024-08-27,160350.13,SGD,1000,01,Z1,1000,001,TA,SAP,2025-01-01 00:00:00
